0.059553,5.127585,-1.713813,0.000000
0.050605,5.065159,-1.712538,0.371540
0.041735,5.002716,-1.711263,0.439451
0.032944,4.940255,-1.709989,0.469197
0.024231,4.877776,-1.708715,0.483843
0.015597,4.815281,-1.707441,0.491407
0.007042,4.752767,-1.706167,0.495397
-0.001434,4.690236,-1.704894,0.497525
-0.009832,4.627688,-1.703621,0.498666
-0.018151,4.565122,-1.702348,0.499281
-0.026391,4.502538,-1.701076,0.499612
-0.034553,4.439937,-1.699804,0.499791
-0.042636,4.377319,-1.698532,0.499887
-0.050640,4.314682,-1.697260,0.499939
-0.058565,4.252029,-1.695989,0.499967
-0.066412,4.189358,-1.694718,0.499982
-0.074180,4.126669,-1.693447,0.499991
-0.081870,4.063963,-1.692177,0.499995
-0.089480,4.001239,-1.690907,0.499997
-0.097012,3.938498,-1.689637,0.499999
-0.104465,3.875739,-1.688367,0.499999
-0.111840,3.812963,-1.687098,0.500000
-0.119136,3.750169,-1.685830,0.500000
-0.126353,3.687357,-1.684561,0.500000
-0.133491,3.624528,-1.683293,0.500000
-0.140551,3.561682,-1.682025,0.500000
-0.147532,3.498818,-1.680758,0.500000
-0.154434,3.435936,-1.679491,0.500000
-0.161257,3.373037,-1.678224,0.500000
-0.168002,3.310121,-1.676958,0.500000
-0.174668,3.247187,-1.675692,0.500000
-0.181256,3.184235,-1.674427,0.500000
-0.187764,3.121266,-1.673161,0.500000
-0.194194,3.058279,-1.671896,0.500000
-0.200546,2.995275,-1.670632,0.500000
-0.206818,2.932253,-1.669368,0.500000
-0.213012,2.869214,-1.668104,0.500000
-0.219127,2.806157,-1.666841,0.500000
-0.225164,2.743082,-1.665578,0.500000
-0.231122,2.679991,-1.664316,0.500000
-0.237001,2.616881,-1.663053,0.500000
-0.242801,2.553754,-1.661792,0.500000
-0.248523,2.490610,-1.660530,0.500000
-0.254165,2.427448,-1.659270,0.500000
-0.259730,2.364268,-1.658009,0.500000
-0.265215,2.301071,-1.656749,0.500000
-0.270622,2.237857,-1.655490,0.500000
-0.275950,2.174624,-1.654230,0.500000
-0.281199,2.111375,-1.652972,0.500000
-0.286370,2.048108,-1.651713,0.500000
-0.291462,1.984823,-1.650455,0.500000
-0.296475,1.921521,-1.649198,0.500000
-0.301410,1.858201,-1.647941,0.500000
-0.306266,1.794863,-1.646685,0.500000
-0.311043,1.731509,-1.645428,0.500000
-0.315741,1.668136,-1.644173,0.500000
-0.320361,1.604746,-1.642918,0.500000
-0.324902,1.541339,-1.641663,0.500000
-0.329364,1.477914,-1.640409,0.500000
-0.333748,1.414471,-1.639155,0.500000
-0.338052,1.351011,-1.637902,0.500000
-0.342270,1.287537,-1.632677,0.500000
-0.344292,1.224819,-1.572675,0.500000
-0.342503,1.163446,-1.510003,0.500000
-0.336902,1.103420,-1.445003,0.500000
-0.327491,1.044740,-1.378118,0.500000
-0.314268,0.987406,-1.309886,0.500000
-0.297234,0.931418,-1.240912,0.500000
-0.276389,0.876777,-1.171847,0.500000
-0.251733,0.823481,-1.103344,0.500000
-0.223266,0.771532,-1.036026,0.500000
-0.190987,0.720929,-0.970451,0.500000
-0.154897,0.671672,-0.907090,0.500000
-0.114996,0.623761,-0.846314,0.500000
-0.071284,0.577197,-0.788388,0.500000
-0.023760,0.531978,-0.733476,0.500000
0.027575,0.488106,-0.681653,0.500000
0.082424,0.445626,-0.642469,0.500000
0.138233,0.404943,-0.617208,0.500000
0.194412,0.366148,-0.591359,0.500000
0.250963,0.329242,-0.564936,0.500000
0.307884,0.294224,-0.537959,0.500000
0.365176,0.261095,-0.510451,0.500000
0.422840,0.229855,-0.482437,0.500000
0.480874,0.200503,-0.453950,0.500000
0.539279,0.173040,-0.425025,0.500000
0.598054,0.147466,-0.395701,0.500000
0.657201,0.123780,-0.366020,0.500000
0.716719,0.101982,-0.336031,0.500000
0.776607,0.082074,-0.305781,0.500000
0.836867,0.064054,-0.275325,0.500000
0.897497,0.047923,-0.244717,0.500000
0.958498,0.033680,-0.214013,0.500000
1.019780,0.020850,-0.203621,0.500000
1.081128,0.008310,-0.199621,0.500000
1.142535,-0.003986,-0.195623,0.500000
1.204000,-0.016038,-0.191626,0.500000
1.265523,-0.027846,-0.187631,0.500000
1.327103,-0.039411,-0.183636,0.500000
1.388742,-0.050732,-0.179644,0.500000
1.450439,-0.061809,-0.175653,0.500000
1.512194,-0.072642,-0.171664,0.500000
1.574008,-0.083232,-0.167677,0.500000
1.635879,-0.093578,-0.163692,0.500000
1.697808,-0.103680,-0.159709,0.500000
1.759795,-0.113539,-0.155729,0.500000
1.821841,-0.123153,-0.151751,0.500000
1.883944,-0.132524,-0.147776,0.500000
1.946106,-0.141652,-0.143804,0.500000
2.008326,-0.150535,-0.139834,0.500000
2.070603,-0.159175,-0.135867,0.500000
2.132939,-0.167571,-0.131904,0.500000
2.195333,-0.175723,-0.127943,0.500000
2.257785,-0.183632,-0.123986,0.500000
2.320295,-0.191297,-0.120033,0.500000
2.382863,-0.198718,-0.116083,0.500000
2.445489,-0.205895,-0.112136,0.500000
2.508174,-0.212829,-0.108194,0.500000
2.570916,-0.219519,-0.104255,0.500000
2.633716,-0.225965,-0.100321,0.500000
2.696575,-0.232168,-0.096390,0.500000
2.759491,-0.238126,-0.092464,0.500000
2.822466,-0.243841,-0.088543,0.500000
2.885499,-0.249313,-0.084625,0.500000
2.948580,-0.254586,-0.083503,0.500000
3.011658,-0.259908,-0.084843,0.500000
3.074726,-0.265315,-0.086182,0.500000
3.137784,-0.270805,-0.087522,0.500000
3.200832,-0.276380,-0.088862,0.500000
3.263869,-0.282039,-0.090202,0.500000
3.326897,-0.287782,-0.091542,0.500000
3.389914,-0.293610,-0.092882,0.500000
3.452920,-0.299521,-0.094222,0.500000
3.515917,-0.305517,-0.095563,0.500000
3.578903,-0.311597,-0.096903,0.500000
3.641879,-0.317762,-0.098244,0.500000
3.704845,-0.324010,-0.099584,0.500000
3.767801,-0.330343,-0.100925,0.500000
3.830746,-0.336760,-0.102266,0.500000
3.893681,-0.343261,-0.103606,0.500000
3.956606,-0.349847,-0.104947,0.500000
4.019520,-0.356517,-0.106288,0.500000
4.082425,-0.363271,-0.107629,0.500000
4.145319,-0.370109,-0.108970,0.500000
4.208203,-0.377031,-0.110311,0.500000
4.271077,-0.384038,-0.111653,0.500000
4.333940,-0.391129,-0.112994,0.500000
4.396793,-0.398304,-0.114335,0.500000
4.459636,-0.405563,-0.115676,0.500000
4.522469,-0.412907,-0.117017,0.500000
4.585292,-0.420334,-0.118359,0.500000
4.648104,-0.427846,-0.119700,0.500000
4.710906,-0.435443,-0.121041,0.500000
4.773698,-0.443123,-0.122382,0.500000
4.836479,-0.450888,-0.123724,0.500000
4.899251,-0.458737,-0.125065,0.500000
4.962012,-0.466670,-0.126406,0.500000
5.024763,-0.474687,-0.127747,0.500000
5.087503,-0.482789,-0.129088,0.500000
5.150234,-0.490975,-0.130430,0.500000
5.212954,-0.499245,-0.131771,0.500000
5.275664,-0.507599,-0.133112,0.500000
5.338363,-0.516038,-0.134453,0.500000
5.401053,-0.524560,-0.135794,0.500000
5.463732,-0.533167,-0.137135,0.500000
5.526401,-0.541858,-0.138476,0.500000
5.589060,-0.550634,-0.139816,0.500000
5.651708,-0.559494,-0.141157,0.500000
5.714347,-0.568437,-0.142498,0.500000
5.776975,-0.577465,-0.143838,0.500000
5.839593,-0.586578,-0.145179,0.500000
5.902200,-0.595774,-0.146519,0.500000
5.964798,-0.605055,-0.147860,0.500000
6.027385,-0.614420,-0.149200,0.500000
6.089962,-0.623869,-0.150540,0.500000
6.152528,-0.633403,-0.151880,0.500000
6.215085,-0.643021,-0.153220,0.500000
6.277631,-0.652723,-0.154560,0.500000
6.340167,-0.662509,-0.155899,0.500000
6.402692,-0.672379,-0.157239,0.500000
6.465208,-0.682334,-0.158578,0.500000
6.527713,-0.692373,-0.159918,0.500000
6.590208,-0.702496,-0.161257,0.500000
6.652693,-0.712703,-0.162596,0.500000
6.715167,-0.722994,-0.163935,0.500000
6.777632,-0.733370,-0.165273,0.500000
6.840086,-0.743830,-0.166612,0.500000
6.902355,-0.752766,-0.117806,0.500000
6.964259,-0.758527,-0.067509,0.500000
7.025799,-0.761112,-0.016265,0.500000
7.086975,-0.760523,0.035677,0.500000
7.147785,-0.756758,0.088048,0.500000
7.208232,-0.749819,0.140563,0.500000
7.268314,-0.739704,0.192934,0.500000
7.328031,-0.726414,0.244876,0.500000
7.387384,-0.709949,0.296120,0.500000
7.446372,-0.690309,0.346418,0.500000
7.504996,-0.667494,0.395548,0.500000
7.563255,-0.641504,0.443322,0.500000
7.621149,-0.612339,0.489589,0.500000
7.678679,-0.579999,0.534230,0.500000
7.735845,-0.544484,0.577160,0.500000
7.792528,-0.505900,0.616747,0.500000
7.847244,-0.465587,0.653513,0.500000
7.899546,-0.423950,0.691510,0.500000
7.949433,-0.380988,0.730687,0.500000
7.996906,-0.336700,0.770974,0.500000
8.041964,-0.291088,0.812282,0.500000
8.084608,-0.244151,0.854506,0.500000
8.124837,-0.195889,0.897520,0.500000
8.162652,-0.146302,0.941183,0.500000
8.198053,-0.095390,0.985342,0.500000
8.231039,-0.043154,1.029830,0.500000
8.261611,0.010408,1.074472,0.500000
8.289768,0.065294,1.119093,0.500000
8.315511,0.121506,1.163515,0.500000
8.338839,0.179042,1.207566,0.500000
8.359753,0.237903,1.251082,0.500000
8.378625,0.297829,1.273936,0.500000
8.396594,0.358025,1.287498,0.500000
8.413737,0.418437,1.301071,0.500000
8.430056,0.479063,1.314649,0.500000
8.445550,0.539906,1.328227,0.500000
8.460219,0.600963,1.341801,0.500000
8.474063,0.662236,1.355365,0.500000
8.487083,0.723725,1.368914,0.500000
8.499277,0.785428,1.382443,0.500000
8.510647,0.847347,1.395948,0.500000
8.521192,0.909482,1.409424,0.500000
8.530911,0.971832,1.422865,0.500000
8.539806,1.034397,1.436268,0.500000
8.547877,1.097178,1.449627,0.500000
8.555122,1.160173,1.462938,0.500000
8.561543,1.223385,1.475737,0.500000
8.567632,1.286679,1.474017,0.500000
8.573829,1.349937,1.472297,0.500000
8.580131,1.413161,1.470575,0.500000
8.586541,1.476351,1.468852,0.500000
8.593056,1.539505,1.467127,0.500000
8.599678,1.602624,1.465401,0.500000
8.606407,1.665709,1.463674,0.500000
8.613242,1.728758,1.461946,0.500000
8.620183,1.791773,1.460216,0.500000
8.627231,1.854753,1.458485,0.500000
8.634386,1.917697,1.456753,0.500000
8.641647,1.980607,1.455020,0.500000
8.649014,2.043482,1.453285,0.500000
8.656488,2.106322,1.451550,0.500000
8.664069,2.169128,1.449813,0.500000
8.671744,2.231902,1.448863,0.500000
8.679436,2.294670,1.448855,0.500000
8.687129,2.357439,1.448848,0.500000
8.694822,2.420208,1.448840,0.500000
8.702515,2.482976,1.448833,0.500000
8.710209,2.545745,1.448825,0.500000
8.717903,2.608513,1.448818,0.500000
8.725598,2.671282,1.448810,0.500000
8.733294,2.734050,1.448803,0.500000
8.740989,2.796818,1.448795,0.500000
8.748686,2.859587,1.448788,0.500000
8.756382,2.922355,1.448780,0.500000
8.764079,2.985123,1.448773,0.500000
8.771777,3.047891,1.448765,0.500000
8.779475,3.110659,1.448758,0.500000
8.787174,3.173427,1.448750,0.500000
8.794873,3.236195,1.448743,0.500000
8.802572,3.298963,1.448735,0.500000
8.810272,3.361731,1.448728,0.500000
8.817973,3.424499,1.448720,0.500000
8.825674,3.487267,1.448713,0.500000
8.833375,3.550035,1.448705,0.500000
8.841077,3.612802,1.448698,0.500000
8.848780,3.675570,1.448690,0.500000
8.856483,3.738338,1.448683,0.500000
8.864186,3.801105,1.448675,0.500000
8.871890,3.863873,1.448668,0.500000
8.879594,3.926640,1.448660,0.500000
8.887299,3.989408,1.448653,0.500000
8.895004,4.052175,1.448645,0.500000
8.902710,4.114942,1.448638,0.500000
8.910416,4.177710,1.448630,0.500000
8.918122,4.240477,1.448623,0.500000
8.925829,4.303244,1.448615,0.500000
8.933537,4.366011,1.448608,0.500000
8.941245,4.428778,1.448600,0.500000
8.948954,4.491545,1.448593,0.500000
8.956663,4.554312,1.448585,0.500000
8.964372,4.617079,1.448578,0.500000
8.972082,4.679846,1.448570,0.500000
8.979792,4.742613,1.448563,0.500000
8.987503,4.805380,1.448555,0.500000
8.995215,4.868147,1.448548,0.500000
9.002927,4.930913,1.448540,0.500000
9.010639,4.993680,1.448533,0.500000
9.018352,5.056447,1.448525,0.500000
9.026065,5.119213,1.448518,0.500000
9.033779,5.181980,1.448510,0.500000
9.041493,5.244746,1.448503,0.500000
9.049207,5.307513,1.448495,0.500000
9.056923,5.370279,1.448488,0.500000
9.064638,5.433045,1.448480,0.500000
9.072354,5.495811,1.448473,0.500000
9.080071,5.558578,1.448465,0.500000
9.087788,5.621344,1.448458,0.500000
9.095505,5.684110,1.448450,0.500000
9.103223,5.746876,1.448443,0.500000
9.110942,5.809642,1.448435,0.500000
9.118661,5.872408,1.448428,0.500000
9.126380,5.935174,1.448420,0.500000
9.134100,5.997940,1.448413,0.500000
9.141820,6.060706,1.448405,0.500000
9.149541,6.123472,1.448398,0.500000
9.157262,6.186237,1.448390,0.500000
9.164984,6.249003,1.448383,0.500000
9.172706,6.311769,1.448375,0.500000
9.180429,6.374534,1.448368,0.500000
9.188152,6.437300,1.448360,0.500000
9.195876,6.500065,1.448353,0.500000
9.203600,6.562831,1.448345,0.500000
9.211324,6.625596,1.448338,0.500000
9.219049,6.688361,1.448330,0.500000
9.226775,6.751127,1.448323,0.500000
9.234501,6.813892,1.448315,0.500000
9.242227,6.876657,1.448308,0.500000
9.249954,6.939422,1.448300,0.500000
9.257682,7.002188,1.448293,0.500000
9.265410,7.064953,1.448285,0.500000
9.273138,7.127718,1.448278,0.500000
9.280867,7.190483,1.448270,0.500000
9.288596,7.253248,1.448263,0.500000
9.296326,7.316012,1.448255,0.500000
9.304056,7.378777,1.448248,0.500000
9.311787,7.441542,1.448240,0.500000
9.319518,7.504307,1.448233,0.500000
9.327250,7.567071,1.448225,0.500000
9.334982,7.629836,1.448218,0.500000
9.342714,7.692601,1.448210,0.500000
9.350447,7.755365,1.448203,0.500000
9.358181,7.818130,1.448195,0.500000
9.365915,7.880894,1.448188,0.500000
9.373649,7.943658,1.448180,0.500000
9.381384,8.006423,1.448173,0.500000
9.389120,8.069187,1.448165,0.500000
9.396856,8.131951,1.448158,0.500000
9.404592,8.194716,1.448150,0.500000
9.412329,8.257480,1.448143,0.500000
9.420066,8.320244,1.448135,0.500000
9.427804,8.383008,1.448128,0.500000
9.435542,8.445772,1.448120,0.500000
9.443281,8.508536,1.448113,0.500000
9.451020,8.571300,1.448105,0.500000
9.458760,8.634064,1.448098,0.500000
9.466500,8.696827,1.448090,0.500000
9.474241,8.759591,1.448083,0.500000
9.481982,8.822355,1.448075,0.500000
9.489723,8.885119,1.448068,0.500000
9.497465,8.947882,1.448060,0.500000
9.505208,9.010646,1.448053,0.500000
9.512951,9.073409,1.448045,0.500000
9.520694,9.136173,1.448038,0.500000
9.528438,9.198936,1.448030,0.500000
9.536183,9.261700,1.448023,0.500000
9.543928,9.324463,1.448015,0.500000
9.551673,9.387226,1.448008,0.500000
9.559419,9.449990,1.448000,0.500000
9.567165,9.512753,1.447993,0.500000
9.574912,9.575516,1.447985,0.500000
9.582659,9.638279,1.447978,0.500000
9.590407,9.701042,1.447970,0.500000
9.598155,9.763805,1.447963,0.500000
9.605904,9.826568,1.447955,0.500000
9.613653,9.889331,1.447948,0.500000
9.621402,9.952094,1.447940,0.500000
9.629152,10.014857,1.447933,0.500000
9.636903,10.077619,1.447925,0.500000
9.644654,10.140382,1.447918,0.500000
9.652405,10.203145,1.447910,0.500000
9.660157,10.265907,1.447903,0.500000
9.667910,10.328670,1.447895,0.500000
9.675663,10.391432,1.447888,0.500000
9.683416,10.454195,1.447880,0.500000
9.691170,10.516957,1.447873,0.500000
9.698924,10.579720,1.447865,0.500000
9.706679,10.642482,1.447858,0.500000
9.714434,10.705244,1.447850,0.500000
9.722190,10.768006,1.447843,0.500000
9.729946,10.830769,1.447835,0.500000
9.737703,10.893531,1.447828,0.500000
9.745460,10.956293,1.447820,0.500000
9.753218,11.019055,1.447813,0.500000
9.760976,11.081817,1.447805,0.500000
9.768734,11.144579,1.447798,0.500000
9.776493,11.207341,1.447790,0.500000
9.784253,11.270103,1.447783,0.500000
9.792013,11.332864,1.447775,0.500000
9.799773,11.395626,1.447768,0.500000
9.807534,11.458388,1.447760,0.500000
9.815296,11.521149,1.447753,0.500000
9.823058,11.583911,1.447745,0.500000
9.830820,11.646673,1.447738,0.500000
9.838583,11.709434,1.447730,0.500000
9.846346,11.772196,1.447723,0.500000
9.854110,11.834957,1.447715,0.500000
9.861874,11.897718,1.447708,0.500000
9.869639,11.960480,1.447700,0.500000
9.877404,12.023241,1.447693,0.500000
9.885170,12.086002,1.447685,0.500000
9.892936,12.148763,1.447678,0.500000
9.900702,12.211524,1.447670,0.500000
9.908469,12.274286,1.447663,0.500000
9.916237,12.337047,1.447655,0.500000
9.924005,12.399808,1.447647,0.500000
9.931773,12.462568,1.447640,0.500000
9.939542,12.525329,1.447632,0.500000
9.947312,12.588090,1.447625,0.500000
9.955082,12.650851,1.447617,0.500000
9.962852,12.713612,1.447610,0.500000
9.970623,12.776372,1.447602,0.500000
9.978394,12.839133,1.447595,0.500000
9.986166,12.901894,1.447587,0.500000
9.993938,12.964654,1.447580,0.500000
10.001711,13.027415,1.447572,0.500000
10.009484,13.090175,1.447565,0.500000
10.017258,13.152936,1.447557,0.500000
10.025032,13.215696,1.447550,0.500000
10.032807,13.278456,1.447542,0.500000
10.040582,13.341216,1.447535,0.500000
10.048357,13.403977,1.447527,0.500000
10.056133,13.466737,1.447520,0.500000
10.063910,13.529497,1.447512,0.500000
10.071687,13.592257,1.447505,0.500000
10.079464,13.655017,1.447497,0.500000
10.087242,13.717777,1.447490,0.500000
10.095021,13.780537,1.447482,0.500000
10.102800,13.843297,1.447475,0.500000
10.110579,13.906057,1.447467,0.500000
10.118359,13.968816,1.447460,0.500000
10.126139,14.031576,1.447452,0.500000
10.133920,14.094336,1.447445,0.500000
10.141701,14.157095,1.447437,0.500000
10.149483,14.219855,1.447430,0.500000
10.157265,14.282615,1.447422,0.500000
10.165048,14.345374,1.447415,0.500000
10.172831,14.408133,1.447407,0.500000
10.180614,14.470893,1.447400,0.500000
10.188398,14.533652,1.447392,0.500000
10.196183,14.596411,1.447385,0.500000
10.203968,14.659171,1.447377,0.500000
10.211753,14.721930,1.447370,0.500000
10.219539,14.784689,1.447362,0.500000
10.227326,14.847448,1.447355,0.500000
10.235113,14.910207,1.447347,0.500000
10.242900,14.972966,1.447340,0.500000
10.250688,15.035725,1.447332,0.500000
10.258476,15.098484,1.447325,0.500000
10.266265,15.161243,1.447317,0.500000
10.274054,15.224002,1.447310,0.500000
10.281844,15.286761,1.447302,0.500000
10.289634,15.349519,1.447295,0.500000
10.297425,15.412278,1.447287,0.500000
10.305216,15.475037,1.447280,0.500000
10.313008,15.537795,1.447272,0.500000
10.320800,15.600554,1.447265,0.500000
10.328592,15.663312,1.447257,0.500000
10.336385,15.726071,1.447250,0.500000
10.344179,15.788829,1.447242,0.500000
10.351973,15.851587,1.447235,0.500000
10.359767,15.914346,1.447227,0.500000
10.367562,15.977104,1.447220,0.500000
10.375358,16.039862,1.447212,0.500000
10.383153,16.102620,1.447205,0.500000
10.390950,16.165378,1.447197,0.500000
10.398747,16.228136,1.447190,0.500000
10.406544,16.290894,1.447182,0.500000
10.414342,16.353652,1.447175,0.500000
10.422140,16.416410,1.447167,0.500000
10.429939,16.479168,1.447160,0.500000
10.437738,16.541926,1.447152,0.500000
10.445537,16.604683,1.447145,0.500000
10.453337,16.667441,1.447137,0.500000
10.461138,16.730199,1.447130,0.500000
10.468939,16.792956,1.447122,0.500000
10.476741,16.855714,1.447115,0.500000
10.484543,16.918472,1.447107,0.500000
10.492345,16.981229,1.447100,0.500000
10.500148,17.043986,1.447092,0.500000
10.507952,17.106744,1.447085,0.500000
10.515755,17.169501,1.447077,0.500000
10.523560,17.232258,1.447070,0.500000
10.531365,17.295016,1.447062,0.500000
10.539170,17.357773,1.447055,0.500000
10.546976,17.420530,1.447047,0.500000
10.554782,17.483287,1.447040,0.500000
10.562589,17.546044,1.447032,0.500000
10.570396,17.608801,1.447025,0.500000
10.578204,17.671558,1.447017,0.500000
10.586012,17.734315,1.447010,0.500000
10.593820,17.797072,1.447002,0.500000
10.601629,17.859828,1.446995,0.500000
10.609438,17.922585,1.447090,0.500000
10.617231,17.985345,1.447422,0.500000
10.625003,18.048108,1.447754,0.500000
10.632755,18.110874,1.448085,0.500000
10.640486,18.173644,1.448417,0.500000
10.648196,18.236417,1.448749,0.500000
10.655885,18.299194,1.449081,0.500000
10.663554,18.361974,1.449412,0.500000
10.671202,18.424757,1.449744,0.500000
10.678829,18.487544,1.450076,0.500000
10.686436,18.550334,1.450407,0.500000
10.694022,18.613128,1.450739,0.500000
10.701587,18.675925,1.451070,0.500000
10.709131,18.738726,1.451402,0.500000
10.716655,18.801530,1.451734,0.500000
10.724158,18.864338,1.452065,0.500000
10.731640,18.927148,1.452397,0.500000
10.739102,18.989963,1.452728,0.500000
10.746543,19.052780,1.453060,0.500000
10.753963,19.115602,1.453392,0.500000
10.761362,19.178426,1.453723,0.500000
10.768741,19.241254,1.454055,0.500000
10.776099,19.304086,1.454386,0.500000
10.783436,19.366921,1.454718,0.500000
10.790753,19.429759,1.455049,0.500000
10.798049,19.492601,1.455381,0.500000
10.805324,19.555446,1.455712,0.500000
10.812578,19.618294,1.456044,0.500000
10.819812,19.681146,1.456375,0.500000
10.827025,19.744002,1.456707,0.500000
10.834217,19.806861,1.457038,0.500000
10.841389,19.869723,1.457370,0.500000
10.848540,19.932589,1.457701,0.500000
10.855670,19.995458,1.458032,0.500000
10.862779,20.058330,1.458364,0.500000
10.869868,20.121206,1.458695,0.500000
10.876936,20.184086,1.459027,0.500000
10.883983,20.246969,1.459358,0.500000
10.891010,20.309855,1.459689,0.500000
10.898015,20.372745,1.460021,0.500000
10.905001,20.435638,1.460352,0.500000
10.911965,20.498534,1.460683,0.500000
10.918909,20.561434,1.461015,0.500000
10.925832,20.624338,1.461346,0.500000
10.932734,20.687244,1.461677,0.500000
10.939616,20.750155,1.462008,0.500000
10.946476,20.813068,1.462340,0.500000
10.953316,20.875986,1.462671,0.500000
10.960136,20.938906,1.463002,0.500000
10.966935,21.001830,1.463333,0.500000
10.973713,21.064757,1.463665,0.500000
10.980470,21.127688,1.463996,0.500000
10.987206,21.190623,1.464327,0.500000
10.993922,21.253560,1.464658,0.500000
11.000617,21.316501,1.464989,0.500000
11.007292,21.379446,1.465320,0.500000
11.013945,21.442394,1.465652,0.500000
11.020578,21.505345,1.465983,0.500000
11.027191,21.568300,1.466314,0.500000
11.033782,21.631258,1.466645,0.500000
11.040353,21.694220,1.466976,0.500000
11.046903,21.757185,1.467307,0.500000
11.053432,21.820153,1.467638,0.500000
11.058312,21.882793,1.534694,0.500000
11.057766,21.944333,1.625433,0.500000
11.051642,22.004743,1.718640,0.500000
11.039941,22.064022,1.812759,0.500000
11.022661,22.122171,1.906142,0.500000
10.999804,22.179190,1.997214,0.500000
10.971369,22.235078,2.084628,0.500000
10.937356,22.289835,2.167357,0.500000
10.899065,22.342694,2.227124,0.500000
10.858142,22.392682,2.286748,0.500000
10.814593,22.439796,2.347200,0.500000
10.768417,22.484036,2.408049,0.500000
10.719616,22.525401,2.468847,0.500000
10.668187,22.563892,2.529150,0.500000
10.614133,22.599509,2.588533,0.500000
10.557466,22.632260,2.642780,0.500000
10.499566,22.662939,2.665999,0.500000
10.441339,22.692068,2.689517,0.500000
10.382786,22.719649,2.713315,0.500000
10.323908,22.745680,2.737370,0.500000
10.264703,22.770162,2.761658,0.500000
10.205172,22.793095,2.786153,0.500000
10.145316,22.814480,2.810829,0.500000
10.085133,22.834315,2.835656,0.500000
10.024624,22.852600,2.860606,0.500000
9.963789,22.869337,2.885647,0.500000
9.902628,22.884525,2.910750,0.500000
9.841141,22.898163,2.935882,0.500000
9.779328,22.910253,2.961012,0.500000
9.717189,22.920793,2.986108,0.500000
9.654724,22.929785,3.011139,0.500000
9.591967,22.937391,3.024509,0.500000
9.529166,22.944790,3.024122,0.500000
9.466370,22.952213,3.023734,0.500000
9.403577,22.959661,3.023346,0.500000
9.340789,22.967133,3.022958,0.500000
9.278005,22.974628,3.022570,0.500000
9.215225,22.982149,3.022182,0.500000
9.152449,22.989693,3.021795,0.500000
9.089677,22.997261,3.021407,0.500000
9.026910,23.004854,3.021019,0.500000
8.964147,23.012471,3.020631,0.500000
8.901388,23.020112,3.020243,0.500000
8.838633,23.027777,3.019855,0.500000
8.775883,23.035466,3.019467,0.500000
8.713137,23.043180,3.019079,0.500000
8.650395,23.050918,3.018691,0.500000
8.587657,23.058680,3.018303,0.500000
8.524923,23.066466,3.017915,0.500000
8.462194,23.074276,3.017527,0.500000
8.399468,23.082111,3.017139,0.500000
8.336747,23.089970,3.016751,0.500000
8.274031,23.097853,3.016362,0.500000
8.211318,23.105760,3.015974,0.500000
8.148610,23.113691,3.015586,0.500000
8.085906,23.121647,3.015198,0.500000
8.023206,23.129627,3.014810,0.500000
7.960510,23.137631,3.014422,0.500000
7.897818,23.145659,3.014034,0.500000
7.835131,23.153711,3.013645,0.500000
7.772448,23.161788,3.013257,0.500000
7.709769,23.169889,3.012869,0.500000
7.647094,23.178013,3.012529,0.500000
7.584420,23.186153,3.012353,0.500000
7.521746,23.194304,3.012177,0.500000
7.459071,23.202466,3.012002,0.500000
7.396396,23.210640,3.011826,0.500000
7.333720,23.218825,3.011650,0.500000
7.271043,23.227021,3.011474,0.500000
7.208366,23.235228,3.011299,0.500000
7.145689,23.243447,3.011123,0.500000
7.083011,23.251676,3.010947,0.500000
7.020333,23.259918,3.010772,0.500000
6.957654,23.268170,3.010596,0.500000
6.894974,23.276434,3.010420,0.500000
6.832294,23.284709,3.010245,0.500000
6.769614,23.292995,3.010069,0.500000
6.706933,23.301292,3.009893,0.500000
6.644252,23.309601,3.009718,0.500000
6.581570,23.317921,3.009542,0.500000
6.518887,23.326252,3.009367,0.500000
6.456205,23.334595,3.009191,0.500000
6.393521,23.342949,3.009015,0.500000
6.330837,23.351314,3.008840,0.500000
6.268153,23.359690,3.008664,0.500000
6.205468,23.368078,3.008489,0.500000
6.142783,23.376477,3.008313,0.500000
6.080097,23.384887,3.008138,0.500000
6.017410,23.393308,3.007962,0.500000
5.954723,23.401741,3.007787,0.500000
5.892036,23.410185,3.007611,0.500000
5.829348,23.418640,3.007436,0.500000
5.766660,23.427107,3.007260,0.500000
5.703971,23.435585,3.007085,0.500000
5.641281,23.444074,3.006909,0.500000
5.578591,23.452574,3.006734,0.500000
5.515901,23.461085,3.006559,0.500000
5.453210,23.469608,3.006383,0.500000
5.390519,23.478142,3.006208,0.500000
5.327827,23.486688,3.006032,0.500000
5.265134,23.495244,3.005857,0.500000
5.202441,23.503812,3.005682,0.500000
5.139748,23.512392,3.005506,0.500000
5.077054,23.520982,3.005331,0.500000
5.014360,23.529584,3.005156,0.500000
4.951665,23.538197,3.004980,0.500000
4.888969,23.546821,3.004805,0.500000
4.826274,23.555456,3.004630,0.500000
4.763577,23.564103,3.004454,0.500000
4.700880,23.572761,3.004279,0.500000
4.638183,23.581431,3.004104,0.500000
4.575485,23.590111,3.003929,0.500000
4.512787,23.598803,3.003753,0.500000
4.450088,23.607506,3.003578,0.500000
4.387388,23.616221,3.003403,0.500000
4.324688,23.624946,3.003228,0.500000
4.261988,23.633683,3.003052,0.500000
4.199287,23.642431,3.002877,0.500000
4.136586,23.651191,3.002702,0.500000
4.073884,23.659962,3.002527,0.500000
4.011181,23.668744,3.002352,0.500000
3.948478,23.677537,3.002177,0.500000
3.885775,23.686341,3.002002,0.500000
3.823071,23.695157,3.001826,0.500000
3.760367,23.703984,3.001651,0.500000
3.697622,23.712522,3.015349,0.500000
3.634718,23.719870,3.035279,0.500000
3.571647,23.725966,3.055188,0.500000
3.508409,23.730811,3.075060,0.500000
3.445004,23.734404,3.094880,0.500000
3.381431,23.736746,3.114632,0.500000
3.317692,23.737837,3.134302,0.500000
3.253785,23.737677,-3.129311,0.500000
3.190120,23.735227,-3.071392,0.500000
3.127380,23.728762,-3.006154,0.500000
3.065573,23.718255,-2.940124,0.500000
3.004701,23.703706,-2.873870,0.500000
2.944763,23.685115,-2.807970,0.500000
2.885759,23.662483,-2.742984,0.500000
2.827689,23.635809,-2.679427,0.500000
2.770554,23.605095,-2.618184,0.500000
2.715390,23.571435,-2.568733,0.500000
2.663096,23.535783,-2.517180,0.500000
2.613673,23.498139,-2.463679,0.500000
2.567121,23.458503,-2.408440,0.500000
2.523441,23.416874,-2.351729,0.500000
2.482631,23.373254,-2.293863,0.500000
2.444691,23.327641,-2.235205,0.500000
2.409623,23.280036,-2.176146,0.500000
2.377426,23.230439,-2.117096,0.500000
2.348099,23.178850,-2.058464,0.500000
2.321644,23.125269,-2.000642,0.500000
2.298059,23.069695,-1.943988,0.500000
2.277345,23.012129,-1.888820,0.500000
2.259502,22.952572,-1.835400,0.500000
2.244530,22.891022,-1.783935,0.500000
2.232231,22.827627,-1.752354,0.500000
2.220597,22.763883,-1.750283,0.500000
2.209106,22.700178,-1.748209,0.500000
2.197760,22.636513,-1.746130,0.500000
2.186556,22.572887,-1.744047,0.500000
2.175497,22.509300,-1.741960,0.500000
2.164581,22.445753,-1.739868,0.500000
2.153808,22.382245,-1.737773,0.500000
2.143179,22.318776,-1.735674,0.500000
2.132694,22.255347,-1.733570,0.500000
2.122352,22.191956,-1.731463,0.500000
2.112154,22.128606,-1.729351,0.500000
2.102099,22.065294,-1.727235,0.500000
2.092188,22.002022,-1.725116,0.500000
2.082421,21.938789,-1.722992,0.500000
2.072797,21.875595,-1.720864,0.500000
2.063316,21.812441,-1.718732,0.500000
2.053979,21.749326,-1.716596,0.500000
2.044786,21.686250,-1.714457,0.500000
2.035736,21.623214,-1.712313,0.500000
2.026830,21.560217,-1.710165,0.500000
2.018068,21.497259,-1.708013,0.500000
2.009449,21.434341,-1.705857,0.500000
2.000973,21.371462,-1.703698,0.500000
1.992642,21.308622,-1.701534,0.500000
1.984453,21.245822,-1.699366,0.500000
1.976408,21.183060,-1.697195,0.500000
1.968507,21.120339,-1.695019,0.500000
1.960750,21.057656,-1.692840,0.500000
1.953136,20.995013,-1.690657,0.500000
1.945665,20.932409,-1.688470,0.500000
1.938336,20.869844,-1.686744,0.500000
1.931023,20.807294,-1.687614,0.500000
1.923656,20.744746,-1.688484,0.500000
1.916233,20.682200,-1.689354,0.500000
1.908755,20.619656,-1.690224,0.500000
1.901223,20.557114,-1.691094,0.500000
1.893635,20.494573,-1.691964,0.500000
1.885993,20.432035,-1.692834,0.500000
1.878295,20.369498,-1.693703,0.500000
1.870543,20.306963,-1.694572,0.500000
1.862735,20.244430,-1.695442,0.500000
1.854873,20.181899,-1.696311,0.500000
1.846955,20.119370,-1.697180,0.500000
1.838983,20.056842,-1.698048,0.500000
1.830956,19.994317,-1.698917,0.500000
1.822873,19.931793,-1.699785,0.500000
1.814736,19.869271,-1.700654,0.500000
1.806544,19.806751,-1.701522,0.500000
1.798296,19.744233,-1.702390,0.500000
1.789994,19.681716,-1.703258,0.500000
1.781637,19.619202,-1.704126,0.500000
1.773225,19.556689,-1.704993,0.500000
1.764758,19.494178,-1.705861,0.500000
1.756236,19.431669,-1.706728,0.500000
1.747659,19.369162,-1.707595,0.500000
1.739027,19.306657,-1.708462,0.500000
1.730340,19.244154,-1.709329,0.500000
1.721598,19.181652,-1.710196,0.500000
1.712801,19.119152,-1.711062,0.500000
1.703949,19.056654,-1.711929,0.500000
1.695042,18.994158,-1.712795,0.500000
1.686080,18.931664,-1.713661,0.500000
1.677064,18.869172,-1.714527,0.500000
1.667992,18.806682,-1.715392,0.500000
1.658865,18.744193,-1.716258,0.500000
1.649683,18.681706,-1.717123,0.500000
1.640447,18.619221,-1.717989,0.500000
1.631155,18.556738,-1.718854,0.500000
1.621808,18.494257,-1.719718,0.500000
1.612407,18.431778,-1.720583,0.500000
1.602950,18.369300,-1.721448,0.500000
1.593439,18.306825,-1.722312,0.500000
1.583872,18.244351,-1.723176,0.500000
1.574251,18.181879,-1.724040,0.500000
1.564574,18.119409,-1.724904,0.500000
1.554843,18.056941,-1.725768,0.500000
1.545057,17.994474,-1.726631,0.500000
1.535215,17.932010,-1.727494,0.500000
1.525319,17.869547,-1.728357,0.500000
1.515368,17.807086,-1.729220,0.500000
1.505362,17.744627,-1.730083,0.500000
1.495300,17.682170,-1.730945,0.500000
1.485184,17.619715,-1.731808,0.500000
1.475013,17.557262,-1.732670,0.500000
1.464787,17.494810,-1.733532,0.500000
1.454506,17.432360,-1.734394,0.500000
1.444170,17.369913,-1.735255,0.500000
1.433779,17.307467,-1.736116,0.500000
1.423333,17.245022,-1.736978,0.500000
1.412832,17.182580,-1.737839,0.500000
1.402276,17.120140,-1.738699,0.500000
1.391665,17.057701,-1.739560,0.500000
1.380999,16.995264,-1.740420,0.500000
1.370292,16.932829,-1.740596,0.500000
1.359595,16.870394,-1.740341,0.500000
1.348915,16.807960,-1.740086,0.500000
1.338252,16.745525,-1.739831,0.500000
1.327605,16.683091,-1.739576,0.500000
1.316974,16.620657,-1.739321,0.500000
1.306360,16.558223,-1.739066,0.500000
1.295762,16.495790,-1.738811,0.500000
1.285181,16.433356,-1.738556,0.500000
1.274616,16.370923,-1.738301,0.500000
1.264067,16.308490,-1.738046,0.500000
1.253535,16.246057,-1.737791,0.500000
1.243019,16.183625,-1.737536,0.500000
1.232520,16.121192,-1.737281,0.500000
1.222037,16.058760,-1.737026,0.500000
1.211571,15.996328,-1.736771,0.500000
1.201121,15.933897,-1.736515,0.500000
1.190687,15.871465,-1.736260,0.500000
1.180270,15.809034,-1.736005,0.500000
1.169869,15.746603,-1.735750,0.500000
1.159484,15.684172,-1.735494,0.500000
1.149116,15.621741,-1.735239,0.500000
1.138765,15.559311,-1.734984,0.500000
1.128430,15.496881,-1.734728,0.500000
1.118111,15.434451,-1.734473,0.500000
1.107809,15.372021,-1.734218,0.500000
1.097523,15.309591,-1.733962,0.500000
1.087253,15.247162,-1.733707,0.500000
1.077000,15.184733,-1.733451,0.500000
1.066763,15.122304,-1.733196,0.500000
1.056543,15.059875,-1.732940,0.500000
1.046339,14.997447,-1.732685,0.500000
1.036152,14.935019,-1.732429,0.500000
1.025981,14.872590,-1.732173,0.500000
1.015826,14.810163,-1.731918,0.500000
1.005688,14.747735,-1.731662,0.500000
0.995566,14.685307,-1.731406,0.500000
0.985461,14.622880,-1.731151,0.500000
0.975372,14.560453,-1.730895,0.500000
0.965299,14.498026,-1.730639,0.500000
0.955243,14.435600,-1.730384,0.500000
0.945203,14.373173,-1.730128,0.500000
0.935180,14.310747,-1.729872,0.500000
0.925173,14.248321,-1.729616,0.500000
0.915183,14.185895,-1.729360,0.500000
0.905209,14.123470,-1.729104,0.500000
0.895251,14.061045,-1.728849,0.500000
0.885310,13.998619,-1.728593,0.500000
0.875385,13.936195,-1.728337,0.500000
0.865477,13.873770,-1.728081,0.500000
0.855585,13.811345,-1.727825,0.500000
0.845709,13.748921,-1.727569,0.500000
0.835850,13.686497,-1.727313,0.500000
0.826007,13.624073,-1.727057,0.500000
0.816181,13.561649,-1.726801,0.500000
0.806371,13.499226,-1.726544,0.500000
0.796577,13.436803,-1.726288,0.500000
0.786800,13.374380,-1.726032,0.500000
0.777040,13.311957,-1.725776,0.500000
0.767295,13.249534,-1.725520,0.500000
0.757568,13.187112,-1.725264,0.500000
0.747856,13.124690,-1.725007,0.500000
0.738163,13.062268,-1.724159,0.500000
0.728766,12.999811,-1.716099,0.500000
0.719875,12.937295,-1.708036,0.500000
0.711489,12.874718,-1.699971,0.500000
0.703610,12.812081,-1.691904,0.500000
0.696236,12.749384,-1.683837,0.500000
0.689368,12.686627,-1.675770,0.500000
0.683005,12.623810,-1.667705,0.500000
0.677149,12.560933,-1.659643,0.500000
0.671798,12.497996,-1.651585,0.500000
0.666952,12.434998,-1.643532,0.500000
0.662613,12.371940,-1.635484,0.500000
0.658779,12.308823,-1.627444,0.500000
0.655451,12.245645,-1.619411,0.500000
0.652628,12.182407,-1.611388,0.500000
0.650312,12.119109,-1.603374,0.500000
0.648435,12.055759,-1.600278,0.500000
0.646452,11.992422,-1.603914,0.500000
0.644239,11.929113,-1.607553,0.500000
0.641797,11.865833,-1.611195,0.500000
0.639125,11.802581,-1.614838,0.500000
0.636223,11.739357,-1.618484,0.500000
0.633092,11.676162,-1.622131,0.500000
0.629731,11.612994,-1.625781,0.500000
0.626140,11.549855,-1.629432,0.500000
0.622319,11.486745,-1.633085,0.500000
0.618269,11.423662,-1.636739,0.500000
0.613989,11.360608,-1.640395,0.500000
0.609480,11.297582,-1.644053,0.500000
0.604741,11.234584,-1.647712,0.500000
0.599772,11.171614,-1.651372,0.500000
0.594574,11.108673,-1.655033,0.500000
0.589194,11.045753,-1.656682,0.500000
0.583744,10.982836,-1.657722,0.500000
0.578228,10.919922,-1.658762,0.500000
0.572647,10.857010,-1.659801,0.500000
0.567000,10.794102,-1.660840,0.500000
0.561287,10.731196,-1.661880,0.500000
0.555509,10.668294,-1.662919,0.500000
0.549665,10.605394,-1.663958,0.500000
0.543756,10.542497,-1.664997,0.500000
0.537780,10.479603,-1.666035,0.500000
0.531740,10.416712,-1.667074,0.500000
0.525633,10.353823,-1.668113,0.500000
0.519461,10.290938,-1.669151,0.500000
0.513223,10.228055,-1.670190,0.500000
0.506920,10.165175,-1.671228,0.500000
0.500551,10.102299,-1.672266,0.500000
0.494116,10.039424,-1.673304,0.500000
0.487615,9.976553,-1.674342,0.500000
0.481049,9.913685,-1.675380,0.500000
0.474418,9.850819,-1.676417,0.500000
0.467720,9.787957,-1.677455,0.500000
0.460957,9.725097,-1.678492,0.500000
0.454129,9.662240,-1.679529,0.500000
0.447234,9.599386,-1.680566,0.500000
0.440274,9.536535,-1.681603,0.500000
0.433249,9.473687,-1.682640,0.500000
0.426157,9.410841,-1.683677,0.500000
0.419000,9.347999,-1.684713,0.500000
0.411778,9.285159,-1.685749,0.500000
0.404489,9.222322,-1.686786,0.500000
0.397135,9.159488,-1.687822,0.500000
0.389727,9.096656,-1.688207,0.500000
0.382321,9.033825,-1.688034,0.500000
0.374927,8.970992,-1.687861,0.500000
0.367543,8.908160,-1.687688,0.500000
0.360170,8.845326,-1.687514,0.500000
0.352808,8.782493,-1.687341,0.500000
0.345457,8.719659,-1.687168,0.500000
0.338118,8.656824,-1.686995,0.500000
0.330789,8.593989,-1.686822,0.500000
0.323471,8.531154,-1.686649,0.500000
0.316164,8.468318,-1.686475,0.500000
0.308868,8.405481,-1.686302,0.500000
0.301583,8.342644,-1.686129,0.500000
0.294309,8.279807,-1.685956,0.500000
0.287046,8.216969,-1.685783,0.500000
0.279794,8.154131,-1.685609,0.500000
0.272553,8.091292,-1.685436,0.500000
0.265323,8.028453,-1.685263,0.500000
0.258104,7.965613,-1.685090,0.500000
0.250896,7.902773,-1.684916,0.500000
0.243698,7.839932,-1.684743,0.500000
0.236512,7.777091,-1.684570,0.500000
0.229337,7.714249,-1.684397,0.500000
0.222173,7.651407,-1.684223,0.500000
0.215019,7.588564,-1.684050,0.500000
0.207877,7.525721,-1.683877,0.500000
0.200746,7.462878,-1.683704,0.500000
0.193626,7.400034,-1.683530,0.500000
0.186516,7.337189,-1.683357,0.500000
0.179418,7.274345,-1.683184,0.500000
0.172330,7.211499,-1.683011,0.500000
0.165254,7.148653,-1.682837,0.500000
0.158188,7.085807,-1.682664,0.500000
0.151134,7.022960,-1.682491,0.500000
0.144090,6.960113,-1.682318,0.500000
0.137058,6.897265,-1.682144,0.500000
0.130036,6.834417,-1.681971,0.500000
0.123026,6.771568,-1.681798,0.500000
0.116026,6.708719,-1.681624,0.500000
0.109037,6.645870,-1.681451,0.500000
0.102060,6.583019,-1.681278,0.500000
0.095093,6.520169,-1.681104,0.500000
0.088137,6.457318,-1.680931,0.500000
0.081193,6.394466,-1.680758,0.500000
0.074259,6.331614,-1.680584,0.500000
0.067336,6.268762,-1.680411,0.500000
0.060424,6.205909,-1.680238,0.500000
0.053523,6.143056,-1.680064,0.500000
0.046634,6.080202,-1.679891,0.500000
0.039755,6.017347,-1.679718,0.500000
0.032887,5.954493,-1.679544,0.500000
0.026030,5.891637,-1.679371,0.500000
0.019184,5.828782,-1.679198,0.500000
0.012349,5.765925,-1.679024,0.500000
0.005525,5.703069,-1.678851,0.500000
-0.001288,5.640212,-1.678678,0.500000
-0.008090,5.577354,-1.678504,0.500000
-0.014881,5.514496,-1.678331,0.500000
-0.021662,5.451637,-1.678157,0.500000
-0.028431,5.388778,-1.677984,0.500000
-0.035189,5.325919,-1.677811,0.500000
-0.041936,5.263059,-1.677637,0.500000
-0.048672,5.200198,-1.677464,0.500000
